date,Skew21,Adj Vix,Adj SPY,MmmMO
20160413,0.118209415,0.922666677,6.327502441,0
20160414,0.132117938,0.914666684,6.327807109,-0.210885695
20160415,0.123887611,0.907999992,6.320809428,-0.506758858
20160418,0.501864932,0.890000025,6.365224202,-0.410199533
20160419,0.147119235,0.882666651,6.385301717,-0.214469367
20160420,0.227519796,0.885333316,6.391385396,-0.315263324
20160421,0.166190772,0.929999987,6.357011414,-0.411422619
20160422,0.925279953,0.881333351,6.357011414,-0.696531978
20160425,0.264484521,0.938666662,6.346058655,-0.979370911
20160426,0.548298347,0.930666669,6.355490112,-0.805636981
20160427,0.675239526,0.918000031,6.368570964,-0.648048335
20160428,0.53105849,1.014666684,6.310770671,-0.863646066
20160429,0.323291896,1.046666654,6.276699829,-0.921080094
20160502,0.541103518,0.978666687,6.326589966,-0.964302305
20160503,0.415426796,1.040000025,6.271528625,-1.019398949
20160504,0.242448235,1.069999949,6.236543783,-0.816052104
20160505,0.107048578,1.060666656,6.235329183,-0.797597899
20160506,0.27539335,0.981333351,6.258143616,-0.899111283
20160509,-0.119447813,0.971333313,6.263314819,-1.180010619
20160510,-0.305997931,0.908666674,6.341192627,-1.147284225
20160511,-0.29881474,0.979333305,6.28187205,-1.345868294
20160512,-0.650280795,0.960666656,6.283697001,-1.60912247
20160513,-0.39460442,1.002666664,6.228938802,-1.382676114
20160516,-0.166765422,0.978666687,6.290390015,-0.905383716
20160517,0.134749037,1.03799998,6.231678772,-0.640822345
20160518,-0.203484019,1.063333321,6.233502197,-0.387911499
20160519,-0.300359589,1.088666662,6.211902873,-0.078702745
20160520,-0.256008572,1.013333321,6.251146952,0.252140325
20160523,-0.27856699,1.054666646,6.242628988,0.25889888
20160524,-0.208401375,0.961333338,6.323547363,0.087689024
20160525,-0.206317876,0.926666641,6.366440328,0.647069109
20160526,-0.093574706,0.895333354,6.368266296,0.597085827
20160527,0.149506727,0.874666659,6.39564565,0.67185468
20160531,0.302782318,0.945999972,6.383477275,0.686907563
20160601,0.408847902,0.946666654,6.396558634,0.489790077
20160602,0.700619196,0.908666674,6.416026815,0.587231606
20160603,0.872747717,0.898000018,6.396862284,0.51085683
20160606,0.958869211,0.909999975,6.429412842,0.732769304
20160607,1.149128519,0.936666679,6.439450073,0.872233427
20160608,1.018674796,0.938666662,6.460441589,0.600328714
20160609,1.057829859,0.976000023,6.451618958,0.268064368
20160610,1.026078372,1.135333379,6.390474447,-0.163532028
20160613,1.270506385,1.397999954,6.341192627,-0.374025057
20160614,0.989488005,1.366666667,6.328720093,-0.730522434
20160615,1.067829492,1.342666626,6.319897461,-0.348774839
20160616,0.757443602,1.291333389,6.338757324,-0.544758936
20160617,0.806690575,1.29399999,6.315151978,-0.324686467
20160620,0.931262455,1.224666723,6.355822245,-0.20755241
20160621,1.08205649,1.231999969,6.373863729,-0.261472187
20160622,0.373340661,1.411333338,6.363466899,-0.437611347
20160623,0.583184123,1.15,6.446334839,-0.181077755
20160624,0.036825027,1.717333349,6.214853414,-0.495271016
20160627,-0.052888579,1.590000025,6.103545125,-0.605894639
20160628,-0.102075189,1.25,6.213630676,-0.32180326
20160629,-0.135214753,1.109333293,6.319433085,-0.113717844
20160630,-0.086399193,1.042000008,6.405664063,-0.215764102
20160701,-0.070087917,0.984666697,6.41912028,-0.107029459
20160705,-0.118509872,1.038666662,6.372944641,-0.384713332
20160706,-0.211429753,0.997333336,6.411169942,-0.246231264
20160707,-0.195447797,0.984000015,6.407193502,-0.271501113
20160708,-0.157621141,0.879999987,6.502600098,0.00710357
20160711,-0.172396419,0.902666664,6.525534566,0.083083443
20160712,0.622917106,0.903333346,6.5729304,0.434429593
20160713,0.534780806,0.869333331,6.572013855,0.28612688
20160714,0.576632686,0.854666646,6.608708191,0.34752773
20160715,0.366404877,0.844666672,6.599841309,0.175402303
20160718,0.993738742,0.829333305,6.61757609,0.296740286
20160719,0.411233297,0.798000018,6.610849508,0.056627812
20160720,0.477174802,0.784666697,6.63837026,0.173978116
20160721,0.541765538,0.849333318,6.613296509,0.201459055
20160722,0.68025118,0.801333364,6.642957052,0.102527835
20160725,0.558336906,0.857999992,6.624915568,-0.117137609
20160726,1.384490477,0.870000013,6.627973938,0.17775669
20160727,0.996167319,0.855333328,6.620940653,0.042138507
20160728,0.845145868,0.848000018,6.62858429,0.077347322
20160729,0.858336648,0.791333326,6.639287313,0.140835874
20160801,0.840010627,0.829333305,6.633782959,-0.356140518
20160802,0.943670083,0.891333326,6.591279093,-0.376240357
20160803,0.738726251,0.85733331,6.610542806,0.074365964
20160804,0.673805812,0.828000005,6.61757609,-0.06335932
20160805,0.679457531,0.759333356,6.67170105,0.124462431
20160808,0.785107829,0.766666667,6.667726135,0.135722044
20160809,0.830723626,0.777333323,6.67170105,-0.012403653
20160810,0.456296148,0.803333346,6.655188497,-0.377078702
20160811,0.619956292,0.778666687,6.686073812,-0.051788913
20160812,0.757136441,0.770000013,6.680262756,0.01574804
20160815,0.857093554,0.787333361,6.699529012,0.206518474
20160816,0.672333995,0.84266669,6.664974976,0.039973614
20160817,0.592899512,0.812666639,6.677511088,-0.156056781
20160818,0.761562773,0.76200002,6.69249471,0.269751963
20160819,1.173519398,0.75600001,6.682710775,0.182520944
20160822,0.882531503,0.818000031,6.682403564,-0.010887053
20160823,0.871207817,0.825333341,6.695858256,0.153150524
20160824,0.805580169,0.896666654,6.661610921,-0.281734477
20160825,0.850672696,0.908666674,6.657023621,-0.379257087
20160826,0.792027492,0.909999975,6.644486491,-0.510497063
20160829,0.792954289,0.862666639,6.677205404,-0.546663776
20160830,0.45985846,0.874666659,6.666197205,-0.366867804
20160831,0.28606803,0.894666672,6.647238668,-0.54262412
20160901,0.0904333,0.898666636,6.647543844,-0.435286981
20160902,0.06013646,0.798666636,6.677511088,-0.45402193
20160906,0.08475736,0.801333364,6.69769338,-0.475872389
20160907,0.156481666,0.795999972,6.697082011,-0.226690311
20160908,0.416236802,0.834000015,6.681792196,-0.262618138
20160909,0.696620506,1.166666667,6.521864827,-0.270376804
20160912,0.518408675,1.010666656,6.615434774,-0.078351638
20160913,0.3572803,1.190000025,6.52033488,-0.203619975
20160914,0.071875985,1.209333293,6.517889404,-0.18836441
20160915,0.017442766,1.086666616,6.583021545,-0.001964264
20160916,0.2767713,1.024666659,6.557574972,0.113911854
20160919,-0.297903942,1.035333316,6.558804321,0.034790382
20160920,-0.486575284,1.061333338,6.559112549,-0.035835553
20160921,-0.177417024,0.886666679,6.632872009,0.239145024
20160922,-0.468777862,0.801333364,6.674669393,0.241305504
20160923,0.011915911,0.819333331,6.638097127,-0.012256537
20160926,0.204697881,0.966666667,6.584313456,-0.156252805
20160927,0.154428158,0.873333359,6.6251887,-0.325257163
20160928,0.36496459,0.826000023,6.658072917,0.128018067
20160929,0.534907543,0.934666697,6.597835286,0.392362361
20160930,0.477750705,0.885999997,6.647623698,0.212947999
20161003,0.875621974,0.904666646,6.631642151,0.160325876
20161004,0.612151267,0.908666674,6.597835286,0.020939073
20161005,0.494569893,0.865999985,6.627032471,0.236039801
20161006,0.04324541,0.85600001,6.631642151,0.18670177
20161007,0.136780703,0.898666636,6.608900452,-0.082221657
20161010,0.488418309,0.892000008,6.643321737,-0.032242959
20161011,0.261624004,1.023999977,6.559419759,-0.399704014
20161012,0.302331641,1.060666656,6.568025208,-0.600552886
20161013,0.526076424,1.112666702,6.546511841,-0.497497611
20161014,0.245497943,1.074666723,6.54989268,-0.546289983
20161017,0.191415463,1.080666606,6.527149455,-0.577644139
20161018,0.461733489,1.018666649,6.568025208,-0.255564182
20161019,0.72187793,0.960666656,6.585542806,0.130762274
20161020,0.869574609,0.916666667,6.573249817,0.223382851
20161021,0.778772291,0.889333344,6.576322428,0.442715017
20161024,0.402000931,0.868000031,6.604290263,0.36711891
20161025,0.43973227,0.897333336,6.582160441,-0.044456402
20161026,0.488020445,0.949333318,6.568946838,-0.388657761
20161027,0.479141301,1.023999977,6.551428731,-0.588492665
20161028,0.47049068,1.079333369,6.532066854,-0.561100714
20161031,0.197211196,1.137333298,6.532374064,-0.473553185
20161101,0.031917242,1.237333298,6.485044861,-0.343120222
20161102,-0.301570342,1.28799998,6.446013387,-0.651396051
20161103,-0.581544592,1.471999995,6.416508993,-0.732432909
20161104,-0.301108369,1.500666682,6.409439596,-0.348606649
20161107,-0.366265663,1.247333272,6.550813293,-0.189106571
20161108,-0.514501831,1.249333318,6.580317688,-0.131044558
20161109,0.071340368,0.958666674,6.650082906,0.516792312
20161110,0.25094491,0.982666651,6.666678874,0.120433474
20161111,0.371005514,0.944666672,6.651311747,-0.058920894
20161114,0.432066452,0.965333303,6.656537374,0.058901024
20161115,0.49030152,0.891333326,6.708475749,0.313399106
20161116,0.369530991,0.914666684,6.695875041,0.299394655
20161117,0.36735854,0.890000025,6.730297343,0.493336747
20161118,0.304294,0.856666692,6.715237427,0.400572866
20161121,0.319755729,0.828000005,6.76594696,0.643181245
20161122,0.187899389,0.827333323,6.779164124,0.595476237
20161123,0.206859912,0.828666687,6.782850647,0.481817234
20161125,0.271002569,0.822666677,6.808051554,0.261313948
20161128,0.191748907,0.876666641,6.776089986,0.195738069
20161129,0.24104463,0.859999975,6.789306132,-0.0015679
20161130,0.391939153,0.888666662,6.773016866,0.867618258
20161201,0.373448276,0.93799998,6.74812266,0.717131741
20161202,0.632449509,0.941333326,6.751501973,0.527803143
20161205,0.573515262,0.809333356,6.792070516,0.577197873
20161206,0.685393215,0.785999997,6.813584391,0.75008123
20161207,0.574808034,0.814666684,6.90271047,0.467352874
20161208,0.667639583,0.84266669,6.919614156,0.399694784
20161209,0.57113565,0.783333333,6.961410522,0.293717405
20161212,0.332215174,0.84266669,6.953420512,-0.101487805
20161213,0.471738588,0.848000018,6.999827576,0.027791324
20161214,0.186870169,0.879333305,6.942050171,-0.203954951
20161215,-0.185329769,0.852666664,6.9706309,-0.327163129
20161216,-0.198408264,0.813333321,6.956998189,-0.298739966
20161219,-0.242760644,0.780666669,6.972146098,-0.353752675
20161220,-0.058713028,0.763333321,6.999042257,-0.12087544
20161221,-0.177727116,0.751333364,6.979566956,-0.10546871
20161222,-0.304910978,0.76200002,6.967507935,-0.466721187
20161223,-0.356472233,0.762666639,6.977711995,-0.289162082
20161227,-0.07017504,0.799333318,6.995023092,-0.099288211
20161228,0.026755701,0.863333321,6.937212626,-0.239757528
20161229,0.324793807,0.891333326,6.935666911,-0.218356405
20161230,-0.259413931,0.935999997,6.910317485,-0.120727885
20170103,-0.040851312,0.856666692,6.963181559,0.133124265
20170104,0.187053538,0.790000025,7.004608154,0.41947267
20170105,0.062342392,0.778000005,6.999042257,0.221363199
20170106,-0.057873992,0.754666646,7.024082438,0.16158393
20170109,0.301610857,0.770666695,7.000897217,0.317663939
20170110,0.235812814,0.765999985,7.000897217,0.478722233
20170111,0.164352436,0.750666682,7.02068278,0.176376053
20170112,0.74746902,0.769333331,7.003059896,0.183710825
20170113,1.150612449,0.748666636,7.019137573,0.279130767
20170117,1.296772781,0.791333326,6.994404602,0.059800552
20170118,0.927226298,0.831999969,7.009861755,-0.034121927
20170119,1.32221756,0.851999982,6.983894857,0.017217292
20170120,1.056289298,0.769333331,7.009553528,0.004644541
20170123,1.042408041,0.784666697,6.991313171,-0.028143985
20170124,1.107644498,0.73799998,7.036139933,0.195193739
20170125,0.940326266,0.720666695,7.097040304,0.398241631
20170126,0.74566857,0.708666674,7.089622498,0.136642605
20170127,0.684072718,0.705333328,7.07849172,0.0646453
20170130,0.761104596,0.792000008,7.034593709,-0.178779595
20170131,0.843992524,0.799333318,7.03397522,0.133819412
20170201,0.946428591,0.787333361,7.036757914,0.219846727
20170202,0.805539801,0.795333354,7.04139506,0.189775629
20170203,0.738505543,0.731333351,7.089930725,0.356681092
20170206,0.669522427,0.757999992,7.07725474,0.316319326
20170207,0.603565703,0.752666664,7.077564494,0.09404033
20170208,0.561618949,0.763333321,7.086839803,0.211411546
20170209,0.354528312,0.725333341,7.128883362,0.362723642
20170210,0.446089972,0.723333359,7.157014465,0.400136013
20170213,0.552623368,0.73799998,7.195968119,0.257479136
20170214,0.528565891,0.715999985,7.224718221,0.388270934
20170215,0.572780805,0.798000018,7.262432861,0.379310048
20170216,0.523093978,0.784000015,7.256250509,0.127165328
20170217,0.654269167,0.765999985,7.267689514,0.12750094
20170221,0.92962402,0.771333313,7.310969543,0.140134814
20170222,0.973681988,0.782666651,7.304476929,-0.174159819
20170223,0.195586289,0.780666669,7.309422302,-0.561375451
20170224,-0.01323292,0.764666684,7.318697611,-0.40454882
20170227,0.199550855,0.80600001,7.330136617,-0.255054804
20170228,0.056928028,0.861333338,7.310351563,-0.36409121
20170301,0.161626419,0.835999997,7.412678528,-0.541246306
20170302,0.063522083,0.787333361,7.365997314,-0.566389374
20170303,-0.24679377,0.730666669,7.37063446,-0.53265379
20170306,-0.551358312,0.749333318,7.34868571,-0.639184092
20170307,-0.610251887,0.763333321,7.32673645,-0.799665183
20170308,-0.62761241,0.790666644,7.31313324,-1.113873963
20170309,-0.51910878,0.820000013,7.322407023,-1.024528658
20170310,-0.471692937,0.777333323,7.34806722,-0.889048219
20170313,-0.46098169,0.756666692,7.351776632,-0.666782371
20170314,-0.70284061,0.820000013,7.323644511,-0.741336152
20170315,-0.478078391,0.775333341,7.387019857,-0.538893514
20170316,-0.466787529,0.747333336,7.372488912,-0.519139384
20170317,-0.308669959,0.751999982,7.359541321,-0.645879987
20170320,-0.045994379,0.75600001,7.351469421,-0.438422996
20170321,-0.34754032,0.831333351,7.257079569,-0.763425216
20170322,-0.380302737,0.854000028,7.274157206,-0.565477498
20170323,-0.340437052,0.874666659,7.266394552,-0.411752551
20170324,-0.038031778,0.864000003,7.261116028,-0.237098377
20170327,0.112941248,0.833333333,7.253664653,-0.188416458
20170328,0.126344375,0.768666649,7.306448873,0.179214962
20170329,0.581406743,0.761333338,7.313279215,0.584455882
20170330,0.486066835,0.769333331,7.336565653,0.547640026
20170331,0.566844452,0.824666659,7.319489034,0.529425396
20170403,0.588406058,0.825333341,7.306759135,0.279959388
20170404,0.612252694,0.785999997,7.311416117,0.165061018
20170405,0.573788725,0.859333356,7.289682007,0.016787303
20170406,0.650328584,0.826000023,7.310174052,0.250442141
20170407,0.668206371,0.857999992,7.302722677,0.273045537
20170410,0.657233767,0.936666679,7.30706838,0.237587506
20170411,0.659685784,1.004666646,7.298375448,0.298465927
20170412,0.325184193,1.051333364,7.266394552,-0.004354272
20170413,0.504206299,1.064000003,7.219199626,-0.192818953
20170417,0.362227116,0.977333323,7.283161418,-0.158069551
20170418,0.344054661,0.961333338,7.26142629,-0.378852824
20170419,0.422344576,0.995333354,7.248075358,-0.304879788
20170420,0.803665525,0.943333308,7.30706838,-0.242175075
20170421,0.541924535,0.975333341,7.283781942,-0.237366702
20170424,0.547633266,0.722666677,7.363889058,-0.130954318
20170425,0.398657053,0.717333349,7.406735738,0.05800937
20170426,0.184906441,0.723333359,7.402079264,0.234246311
20170427,0.045482743,0.690666644,7.408288066,0.188923531
20170428,-0.192068803,0.721333313,7.392142741,0.082145579
20170501,-0.01129491,0.673999977,7.410772196,0.167285316
20170502,-0.156864134,0.70600001,7.413567098,0.179857843
20170503,-0.312268832,0.71200002,7.404562887,-0.17303036
20170504,-0.346142512,0.697333336,7.413256327,-0.265192455
20170505,-0.225603478,0.704666646,7.44244283,0.304808058
20170508,-0.363230576,0.651333364,7.441200256,0.218737042
20170509,-0.243972735,0.664000003,7.434369914,0.243103295
20170510,-0.083815779,0.680666669,7.447720846,0.348355922
20170511,0.025858794,0.706666692,7.432506307,0.118491906
20170512,0.102145435,0.693333308,7.420087687,0.012957389
20170515,0.232567288,0.694666672,7.461072286,0.256184755
20170516,0.425262858,0.709999975,7.454240926,0.178713669
20170517,0.288472275,1.039333344,7.321973165,-0.131301952
20170518,0.27072315,0.977333323,7.351469421,-0.07828077
20170519,0.316131728,0.802666664,7.399284363,0.118121283
20170522,0.434099827,0.728666687,7.436853027,0.056989451
20170523,0.307303591,0.714666684,7.45331014,-0.084135875
20170524,0.421626193,0.668000031,7.470696513,-0.105184391
20170525,0.318202354,0.665999985,7.506402588,-0.42610765
20170526,0.262697993,0.654000028,7.504851278,-0.316503297
20170530,0.167745407,0.692000008,7.498330688,-0.467950627
20170531,0.010316775,0.69399999,7.496468099,-0.504512486
20170601,0.006759193,0.659333356,7.556081136,-0.352596517
20170602,0.259000726,0.65,7.581232198,-0.189763349
20170605,0.428487689,0.671333313,7.575643412,-0.298327491
20170606,0.105836705,0.696666654,7.551424662,-0.284747897
20170607,0.104118576,0.69266669,7.565397135,-0.441945704
20170608,0.006614083,0.677333323,7.569122314,-0.193436838
20170609,-0.553433533,0.713333321,7.557635498,-0.543000581
20170612,-0.444888178,0.764000003,7.556081136,-0.497182227
20170613,-0.378260806,0.694666672,7.593030802,-0.219373771
20170614,-0.588751698,0.709333356,7.583405558,-0.605180566
20170615,-0.825238884,0.726666641,7.568812052,-0.703414453
20170616,-0.796412111,0.692000008,7.570466105,-0.741549068
20170619,-0.799967176,0.691333326,7.633490499,-0.525769571
20170620,-1.012118364,0.723999977,7.58200887,-0.6221368
20170621,-0.843775924,0.716666667,7.580137126,-0.371229256
20170622,-0.345979201,0.698666636,7.576704915,0.110317141
20170623,-0.232418201,0.668000031,7.585754903,0.242150069
20170626,0.015368089,0.659999975,7.590746053,0.286087115
20170627,-0.407652695,0.737333361,7.529593913,0.053876754
20170628,-0.239084893,0.668666649,7.596985881,0.043939678
20170629,-0.13581643,0.762666639,7.53021698,0.162453427
20170630,-0.278335112,0.745333354,7.5442571,0.275853539
20170703,-0.150145855,0.748000018,7.557050069,0.40075996
20170705,-0.363854906,0.73799998,7.574521891,0.12885679
20170706,-0.38514894,0.835999997,7.505257161,-0.133706093
20170707,-0.5280828,0.745999972,7.553929647,-0.020504545
20170710,-0.697195262,0.740666644,7.562041219,0.099814043
20170711,-1.023190486,0.726000023,7.556425476,0.168948474
20170712,-0.836174474,0.686666679,7.61321106,0.3269147
20170713,-0.696716468,0.659999975,7.626001994,0.556947123
20170714,-0.594154481,0.634000015,7.661571248,0.474449717
20170717,-0.327391838,0.654666646,7.66063385,0.375167244
20170718,0.028196162,0.659333356,7.664691162,0.277241526
20170719,0.187919392,0.652666664,7.706187439,0.279240798
20170720,0.272427867,0.638666662,7.709619649,0.02438492
20170721,0.164136062,0.623999977,7.702755737,0.092972349
20170724,0.007008064,0.628666687,7.700882975,0.033469771
20170725,0.115225344,0.628666687,7.719602966,-0.10717357
20170726,0.041342864,0.640000025,7.719915771,-0.205756661
20170727,0.120788354,0.673999977,7.712738546,-0.262947537
20170728,0.002495862,0.685999997,7.703692118,-0.240787361
20170731,0.028608061,0.684000015,7.699323527,-0.330161239
20170801,-0.00875557,0.672666677,7.716483561,-0.589537985
20170802,0.075079581,0.685333316,7.720228577,-0.611208132
20170803,-0.084569273,0.695999972,7.705252584,-0.75696511
20170804,0.022891402,0.668666649,7.719291687,-0.392868566
20170807,0.026951816,0.66200002,7.733643087,-0.169637016
20170808,0.018875355,0.730666669,7.714611308,-0.138731796
20170809,-0.118594502,0.740666644,7.714298503,-0.170935426
20170810,-0.300605016,1.069333394,7.605409749,-0.06884655
20170811,-0.281899576,1.034000015,7.616641744,0.080445406
20170814,-0.379761958,0.821999995,7.692145793,-0.005208182
20170815,-0.426643196,0.802666664,7.691211446,-0.229236519
20170816,-0.401010927,0.782666651,7.704626465,-0.11493375
20170817,-0.450303566,1.036666679,7.584505208,-0.078982229
20170818,-0.526862825,0.950666682,7.572650146,-0.037797051
20170821,-0.533002266,0.879333305,7.578577169,-0.042300914
20170822,-0.468236074,0.756666692,7.657826233,0.074546235
20170823,-0.469466239,0.816666667,7.630370076,0.075790234
20170824,-0.483984542,0.815333303,7.612586975,-0.056377302
20170825,-0.49526123,0.751999982,7.630370076,0.049231678
20170828,-0.395578394,0.754666646,7.630682882,-0.035394985
20170829,-0.297644828,0.779999987,7.639418538,0.125181551
20170830,-0.288959841,0.748000018,7.675610352,0.347354624
20170831,0.009102166,0.70600001,7.721788025,0.53275192
20170901,0.246175703,0.675333341,7.73270874,0.659363485
20170905,-0.062560933,0.815333303,7.677171326,0.061335667
20170906,-0.095263748,0.775333341,7.703378805,0.251987626
20170907,-0.214634118,0.770000013,7.702442932,-0.106473341
20170908,-0.146364437,0.807999992,7.69339447,-0.130209017
20170911,0.011604627,0.715333303,7.77545166,0.051933448
20170912,0.165158333,0.705333328,7.801661682,-0.109908347
20170913,0.291048629,0.7,7.805404154,0.15998133
20170914,0.333289812,0.695999972,7.802909342,0.06233165
20170915,0.238689122,0.678000005,7.813412476,0.045386499
20170918,0.205727037,0.676666641,7.83003184,0.090447755
20170919,0.117635058,0.678666687,7.837869771,-0.092513496
20170920,0.126484317,0.651999982,7.84069163,-0.29601619
20170921,0.067619871,0.644666672,7.819683838,-0.26485173
20170922,0.00104219,0.639333344,7.821251933,-0.068442125
20170925,0.272271695,0.680666669,7.805260213,-0.314281499
20170926,0.266082674,0.678000005,7.809963989,-0.121366177
20170927,0.288320536,0.657999992,7.840378825,-0.093325911
20170928,0.12021969,0.636666679,7.849784851,-0.0884976
20170929,0.144940547,0.634000015,7.877377828,0.223046753
20171002,0.086919855,0.629999987,7.911554972,0.156532398
20171003,-0.046458327,0.634000015,7.928486633,0.308143583
20171004,-0.035807431,0.642000008,7.937893677,0.287613425
20171005,-0.272086099,0.612666639,7.984926351,0.441180864
20171006,-0.152147681,0.643333308,7.975832621,0.26380653
20171009,0.045572745,0.688666662,7.962663778,-0.189698692
20171010,-0.011125694,0.671999995,7.983672078,-0.068085579
20171011,-0.113588135,0.656666692,7.996214294,-0.068345255
20171012,-0.46644352,0.660666656,7.984299215,-0.224774931
20171013,-0.376045923,0.640666644,7.994019572,-0.196079789
20171016,-0.330469645,0.660666656,8.004680888,-0.123104844
20171017,-0.260841116,0.687333361,8.010324097,0.051050739
20171018,-0.008286891,0.671333313,8.018162537,0.27553483
20171019,-0.063162602,0.670000013,8.020357768,0.161577821
20171020,0.060507516,0.664666684,8.061747233,0.359687515
20171023,-0.228692536,0.73799998,8.030390422,-0.068347521
20171024,-0.266161511,0.74399999,8.044500732,0.011626401
20171025,-0.270903821,0.748666636,8.004680888,-0.241719372
20171026,-0.450497716,0.753333346,8.015027364,-0.251233912
20171027,-0.129715305,0.653333346,8.080559285,0.022333677
20171030,-0.181225977,0.7,8.050459798,0.072221954
20171031,-0.384538885,0.678666687,8.06299998,0.311583601
20171101,-0.509592212,0.679999987,8.073660787,0.234107604
20171102,-0.654313889,0.66200002,8.076797485,0.079010298
20171103,-0.586023776,0.609333356,8.103762817,0.347716199
20171106,-0.431279035,0.626666641,8.116304525,0.634321165
20171107,-0.419269288,0.659333356,8.110660807,0.236954625
20171108,-0.356976683,0.651999982,8.124456278,0.371276774
20171109,-0.377467681,0.7,8.094983927,0.388102044
20171110,-0.278934131,0.752666664,8.092473348,0.544495665
20171113,-0.398120721,0.766666667,8.099999491,0.611752238
20171114,-0.401887383,0.772666677,8.08118693,0.39505774
20171115,-0.282714248,0.875333341,8.040738424,0.501009299
20171116,-0.151697234,0.784000015,8.109092204,0.524188417
20171117,0.039422956,0.76200002,8.085262044,0.586147375
20171120,-0.033239323,0.709999975,8.099058024,0.462121099
20171121,0.09170768,0.648666636,8.152048238,0.446629451
20171122,0.184576851,0.658666674,8.14483846,0.573581479
20171124,0.459548639,0.644666672,8.163649495,0.529491128
20171127,0.458324382,0.657999992,8.15957489,0.184823343
20171128,0.477376622,0.668666649,8.242351786,0.340065244
20171129,0.375122529,0.713333321,8.237335205,0.246995466
20171130,0.577067293,0.751999982,8.309453328,0.440676509
20171201,0.561455957,0.76200002,8.292207336,0.455842141
20171204,0.440477089,0.778666687,8.282173157,0.075312568
20171205,0.41009809,0.755333328,8.252385966,-0.000222865
20171206,0.318562734,0.734666697,8.253954061,-0.22672608
20171207,0.420765763,0.677333323,8.279978434,-0.050622475
20171208,0.509504165,0.638666662,8.325131226,0.104823628
20171211,0.474546179,0.622666677,8.350214132,0.224418292
20171212,0.315857533,0.661333338,8.364950053,0.068546492
20171213,0.434360437,0.678666687,8.36401062,-0.007570721
20171214,0.463954061,0.699333318,8.329833984,-0.101657739
20171215,0.490496883,0.628000005,8.399199422,-0.181870076
20171218,0.578379597,0.635333316,8.452461243,-0.020754158
20171219,0.320279576,0.668666649,8.419999695,-0.221831335
20171220,0.349681534,0.648000018,8.415588379,0.054877109
20171221,0.288014759,0.641333326,8.432921855,0.340101071
20171222,0.348752085,0.659999975,8.430715942,0.333557582
20171226,0.27873718,0.683333333,8.420629883,0.295861995
20171227,0.295712101,0.698000018,8.424727376,0.095167786
20171228,0.289180013,0.678666687,8.442061361,0.044689709
20171229,0.616271452,0.735999997,8.410230001,0.007749236
20180102,0.66896479,0.651333364,8.470423889,0.274365419
20180103,0.458721113,0.609999975,8.523999532,0.274502502
20180104,0.46964991,0.614666684,8.559927368,-0.088045346
20180105,0.359085794,0.614666684,8.61697286,-0.014886926
20180108,0.588604901,0.634666697,8.632729085,-0.00380561
20180109,0.277439647,0.671999995,8.652268473,0.052924136
20180110,0.197747286,0.654666646,8.639031982,0.121606558
20180111,0.035829936,0.658666674,8.702062988,0.196777178
20180112,0.093539478,0.677333323,8.758793132,0.155182262
20180116,0.006175203,0.777333323,8.728852336,0.049461999
20180117,-0.039703593,0.79399999,8.812051392,-0.021849307
20180118,-0.074819029,0.814666684,8.797242228,-0.050751616
20180119,-0.251642674,0.751333364,8.837265015,0.01999243
20180122,0.025974843,0.735333316,8.90911967,0.246487183
20180123,0.186400575,0.740000025,8.92803243,0.483611183
20180124,-0.005488883,0.764666684,8.924560547,0.349336368
20180125,-0.047908468,0.771999995,8.928344727,0.1414998
20180126,-0.102087666,0.738666662,9.031714884,0.295887774
20180129,-0.011350265,0.922666677,8.971836344,0.222353765
20180130,-0.045505334,0.985999997,8.879811605,-0.034947163
20180131,0.245231031,0.902666664,8.884223429,-0.145386537
20180201,-0.016297622,0.898000018,8.874136353,0.028990827
20180202,-0.023232991,1.153999964,8.680948893,-0.165888892
20180205,0.132438992,2.48799998,8.317888387,-0.020850647
20180206,0.233989556,1.998666636,8.481771851,0.092150805
20180207,0.183903946,1.848666636,8.435757955,0.015819031
20180208,0.389759056,2.230666606,8.119342041,0.334093848
20180209,0.258972554,1.937333298,8.241306559,0.065094724
20180212,0.152249479,1.707333374,8.36232605,0.027624776
20180213,-0.033742932,1.664666621,8.383126831,-0.016366342
20180214,0.509873083,1.284000015,8.496266174,0.01883733
20180215,0.655485859,1.275333277,8.604680379,-0.288277472
20180216,0.445849549,1.297333272,8.607201131,-0.38444558
20180220,0.538522125,1.373333359,8.553309123,-0.260706799
20180221,0.380860402,1.334666697,8.510764058,-0.385028841
20180222,0.207568547,1.247999954,8.52179362,-0.383229699
20180223,0.178153139,1.099333318,8.657626343,-0.330260333
20180226,0.256067797,1.053333346,8.758161418,-0.40465084
20180227,0.203003831,1.239333344,8.648801676,-0.397172403
20180228,0.381975082,1.323333359,8.561188761,-0.262777186
20180301,0.433995792,1.497999954,8.436702983,-0.157775648
20180302,0.644450216,1.30600001,8.480195109,0.057398999
20180305,0.651700985,1.248666636,8.578207397,0.053456489
20180306,0.961157383,1.224000041,8.599954224,0.070729536
20180307,1.008273148,1.184000015,8.596801758,-0.160177585
20180308,0.711031685,1.102666728,8.638404338,-0.308747713
20180309,0.544299974,0.976000023,8.788731893,-0.500068821
20180312,0.849882354,1.051999982,8.777699788,-0.393694528
20180313,0.913661619,1.090000025,8.720972697,-0.608263954
20180314,0.959247695,1.148666636,8.676220703,-0.345668259
20180315,0.920353908,1.10600001,8.66676534,-0.605884012
20180316,0.803183549,1.053333346,8.676164754,-0.613214288
20180319,0.784536949,1.268000031,8.558772786,-0.818318281
20180320,0.725633505,1.213333384,8.573327637,-0.820893555
20180321,0.722134624,1.190666707,8.556873576,-0.322568358
20180322,0.569405732,1.55600001,8.342975871,-0.154717843
20180323,0.426549149,1.658000056,8.165148926,-0.141359972
20180326,0.401261267,1.402000046,8.388540141,-0.01745355
20180327,0.113777656,1.5,8.245836385,0.078229939
20180328,0.242958626,1.524666723,8.221470642,0.062468532
20180329,-0.133715606,1.331333288,8.326522827,0.085568621
20180402,-0.116071732,1.574666723,8.146798197,-0.006972634
20180403,-0.211633355,1.406666692,8.2512146,-0.010128795
20180404,-0.211328485,1.337333298,8.339496867,0.236437951
20180405,0.085203836,1.262666702,8.405312602,0.265557918
20180406,0.120279815,1.432666651,8.21799113,0.498639994
20180409,0.235937103,1.451333364,8.258493042,0.415202021
20180410,0.344378122,1.364666621,8.389804586,0.228303881
20180411,0.342557178,1.349333318,8.345825195,0.196758135
20180412,0.389373093,1.232666651,8.414485677,0.038995702
20180413,0.456704111,1.160666656,8.389804586,-0.012717409
20180416,0.47572215,1.103999964,8.458783468,0.073336262
20180417,0.345521368,1.016666667,8.549278768,0.050782641
20180418,0.670233657,1.040000025,8.555610148,0.145094491
20180419,0.3303873,1.064000003,8.508146159,-0.054587128
20180420,-0.034689879,1.125333277,8.43600413,-0.203173158
20180423,-0.005214904,1.089333344,8.434737142,-0.274901906
20180424,0.029034487,1.201333364,8.321143595,-0.490433249
20180425,-0.200530572,1.189333344,8.341711426,-0.428368988
20180426,0.029988954,1.082666651,8.426509603,-0.251472724
20180427,0.230500695,1.027333323,8.434421285,-0.516242527
20180430,0.179519433,1.06200002,8.369555664,-0.350097047
20180501,0.175023945,1.032666651,8.384427389,-0.231190918
20180502,0.179358606,1.064666684,8.328104655,-0.434436897
20180503,0.178443697,1.059999975,8.309752401,-0.475494813
20180504,0.064616615,0.984666697,8.417333984,-0.34672431
20180507,0.152799698,0.983333333,8.44581248,-0.318469251
20180508,0.172626411,0.980666669,8.44581248,-0.296258466
20180509,0.055481416,0.894666672,8.527447001,-0.266261869
20180510,-0.006806407,0.881999969,8.607183838,-0.254764526
20180511,-0.076520536,0.843333308,8.633446248,-0.121181205
20180514,0.001623227,0.86200002,8.637561035,0.12266626
20180515,0.123680377,0.975333341,8.57807312,-0.004950913
20180516,0.310307948,0.894666672,8.614146932,0.334624968
20180517,0.314310582,0.895333354,8.60686849,0.357459093
20180518,0.405671395,0.894666672,8.585351563,0.254896314
20180521,0.334905846,0.871999995,8.649900309,0.176236329
20180522,0.286893757,0.881333351,8.625852458,-0.132193111
20180523,0.438781026,0.838666662,8.649583944,-0.019786054
20180524,0.521219567,0.835333316,8.631866455,0.089545604
20180525,0.396756545,0.881333351,8.611297607,-0.065578977
20180529,0.461255154,1.134666697,8.512258911,-0.401288049
20180530,0.572510365,0.995999972,8.625852458,-0.218712445
20180531,0.480443892,1.028666687,8.573011271,-0.289085396
20180601,0.552546749,0.897333336,8.657180786,-0.383993563
20180604,0.620513137,0.849333318,8.698313395,-0.347160915
20180605,0.783333794,0.826666641,8.704642741,-0.041452788
20180606,0.735767951,0.776000023,8.777419027,-0.135508475
20180607,0.64623997,0.808666674,8.776467896,-0.279689729
20180608,0.710687552,0.81200002,8.80241394,-0.124853844
20180611,0.855347464,0.823333359,8.814122518,0.100259872
20180612,1.293192949,0.822666677,8.825513713,0.267720865
20180613,1.402046585,0.862666639,8.797350057,0.097876701
20180614,1.499179271,0.807999992,8.81950175,0.219936727
20180615,1.068519492,0.798666636,8.808248901,0.053162326
20180618,1.25313049,0.820666695,8.790133667,0.055024336
20180619,1.062815697,0.890000025,8.756442261,-0.066305829
20180620,0.931258597,0.852666664,8.771380615,0.066941759
20180621,0.801596937,0.976000023,8.716393026,-0.042956943
20180622,0.816855293,0.918000031,8.73228658,-0.132608934
20180625,0.603123688,1.155333328,8.613413493,-0.07016511
20180626,0.797664295,1.061333338,8.632484945,0.241950165
20180627,0.57151638,1.19399999,8.560972087,0.482266902
20180628,0.741236287,1.123333359,8.60991923,0.36518149
20180629,0.726479925,1.072666677,8.622313436,0.313214263
20180702,0.611085383,1.040000025,8.640749105,0.002460912
20180703,0.53526227,1.075999959,8.610235596,0.008739371
20180705,0.572841146,0.998000018,8.680477905,0.137706365
20180706,0.653891558,0.891333326,8.753898112,0.252845171
20180709,0.677143172,0.845999972,8.832722982,-0.219877492
20180710,0.599560127,0.84266669,8.864507039,-0.197110167
20180711,0.478925027,0.908666674,8.799667358,-0.389135282
20180712,0.297651941,0.838666662,8.879444377,-0.134288856
20180713,0.300592637,0.81200002,8.886436971,-0.162614518
20180716,0.192335307,0.855333328,8.878492228,0.059227582
20180717,0.254429805,0.804000028,8.914406331,-0.003561793
20180718,0.280080425,0.806666692,8.933161418,0.227167443
20180719,-0.04307112,0.857999992,8.899468994,0.017710362
20180720,-0.17831193,0.85733331,8.889297485,-0.094518487
20180723,-0.197375557,0.841333326,8.905824788,-0.100660506
20180724,-0.297200266,0.827333323,8.950640869,-0.295086882
20180725,0.050899178,0.819333331,9.026922607,-0.02483228
20180726,-0.292241889,0.809333356,9.005628459,0.07180736
20180727,-0.271398476,0.868666649,8.94460144,-0.10670703
20180730,-0.269628649,0.950666682,8.897879028,-0.313069633
20180731,-0.454959433,0.855333328,8.941739909,-0.097065276
20180801,-0.375729931,0.876666641,8.926803589,-0.019309618
20180802,-0.130097306,0.812666639,8.975432332,0.320750554
20180803,-0.240102399,0.776000023,9.013890584,0.292863937
20180806,-0.328557097,0.751333364,9.04694519,0.429344228
20180807,-0.461269844,0.728666687,9.076822917,0.32364967
20180808,-0.485985971,0.723333359,9.073008219,0.043664961
20180809,-0.462197379,0.751333364,9.060614014,0.014983651
20180810,-0.509394111,0.877333323,8.999904378,-0.075751555
20180813,-0.352671308,0.985333316,8.966216024,-0.118213851
20180814,-0.308822231,0.887333361,9.02342631,0.052219571
20180815,-0.427273719,0.976000023,8.956044515,-0.338527174
20180816,-0.384123266,0.896666654,9.028510539,-0.360130927
20180817,-0.35611248,0.84266669,9.060295614,-0.306129409
20180820,-0.318003271,0.832666651,9.079686483,0.061721865
20180821,-0.202426478,0.85733331,9.100979614,0.07296234
20180822,0.065000759,0.816666667,9.095576986,0.291085438
20180823,0.187606116,0.827333323,9.083498128,0.2707911
20180824,0.377103064,0.799333318,9.138165283,0.388401455
20180827,0.864803865,0.810666656,9.210313924,0.317788961
20180828,0.933814266,0.833333333,9.214765422,0.359246891
20180829,1.141515781,0.816666667,9.264347331,0.390721517
20180830,0.694962628,0.901999982,9.226843262,0.076035199
20180831,0.134647988,0.85733331,9.227160645,-0.065959709
20180904,0.115430482,0.877333323,9.211269124,-0.240391391
20180905,-0.061141414,0.927333323,9.186476644,-0.653092015
20180906,-0.380371759,0.976666641,9.158825684,-1.026439458
20180907,-0.354845098,0.992000008,9.141025798,-0.959131662
20180910,-0.313982755,0.94399999,9.156917318,-0.855925272
20180911,-0.319528444,0.881333351,9.18711141,-0.658840914
20180912,-0.344982812,0.876000023,9.189338175,-0.357516707
20180913,-0.316470368,0.824666659,9.24368693,-0.359040331
20180914,0.098932182,0.804666646,9.245275879,-0.306586553
20180917,-0.044954496,0.91200002,9.196328735,-0.518885887
20180918,0.141769743,0.852666664,9.246231079,-0.385819814
20180919,0.156439078,0.783333333,9.256083171,-0.347451773
20180920,0.02043697,0.786666679,9.33109436,-0.283988087
20180921,-0.159534443,0.778666687,9.322567749,-0.210272146
20180924,0.089136468,0.813333321,9.291598511,0.321765641
20180925,0.084358369,0.828000005,9.282978312,0.235657848
20180926,-0.03693495,0.859333356,9.25520223,0.319206501
20180927,0.046419065,0.827333323,9.281060791,0.31695867
20180928,-0.053710983,0.807999992,9.282021077,0.115928829
20181001,-0.021073442,0.8,9.314269002,0.190730798
20181002,-0.123141207,0.803333346,9.308838908,-0.086228865
20181003,0.121612307,0.773999977,9.31394755,-0.042944143
20181004,0.09019206,0.948000018,9.241151937,-0.387796955
20181005,0.376242048,0.98799998,9.189429728,-0.485894707
20181008,0.223549342,1.045999972,9.189429728,-0.893399624
20181009,0.108996592,1.063333321,9.176019287,-1.186790536
20181010,-0.061996494,1.530666606,8.885478719,-1.106623157
20181011,-0.193516348,1.665333303,8.689761353,-0.667614442
20181012,-0.2118385,1.420666631,8.810448201,-0.03368262
20181015,-0.160277899,1.419999949,8.76095988,-0.009389934
20181016,-0.125401825,1.174666723,8.952524821,0.151522317
20181017,-0.253368555,1.159999975,8.954121908,0.083105819
20181018,-0.277539409,1.337333298,8.824813843,-0.029746097
20181019,-0.168231403,1.325999959,8.820027669,-0.081148141
20181022,-0.257634548,1.309333293,8.780436198,0.011783203
20181023,-0.029224149,1.380666606,8.735737101,0.075759548
20181024,0.36834119,1.681999969,8.471056112,0.972617316
20181025,0.056835334,1.614666621,8.623032633,0.690896587
20181026,-0.049451377,1.610666656,8.471375529,0.243331944
20181029,-0.022818781,1.646666718,8.424442546,-0.3820785
20181030,0.010038032,1.556666692,8.549277751,-6.58726E-05
20181031,-0.125738767,1.415333303,8.640593465,0.280176288
20181101,-0.093054459,1.289333344,8.73254598,1.10398904
20181102,-0.066314657,1.300666682,8.680821737,1.099165096
20181105,-0.045633619,1.330666606,8.728713989,0.81266814
20181106,-0.127413389,1.327333323,8.783947754,0.882511869
20181107,-0.314733651,1.090666707,8.972002157,1.087604152
20181108,-0.053029995,1.114666621,8.955717977,0.378212506
20181109,-0.357070717,1.157333374,8.868238322,0.015056636
20181112,-0.580973508,1.363333384,8.702531942,-0.206673602
20181113,-0.645005109,1.334666697,8.686250814,-0.311477932
20181114,-0.602321686,1.416666667,8.626865641,-0.413772368
20181115,-0.666229923,1.331999969,8.716900635,-0.621681745
20181116,-0.633833275,1.209333293,8.739569092,-0.729089617
20181119,-0.643859212,1.340000025,8.591742961,-1.385310343
20181120,-0.507211396,1.498666636,8.432743327,-1.184907188
20181121,-0.813134645,1.386666616,8.46147817,-0.887467553
20181123,-0.449602266,1.434666697,8.404965719,-0.914664014
20181126,-0.646402598,1.259999975,8.540659587,-0.323552906
20181127,-0.707612119,1.268000031,8.569393921,-0.334059296
20181128,-0.282151147,1.232666651,8.76670634,-0.08868038
20181129,-0.580021645,1.252666728,8.747550456,-0.10998633
20181130,-0.77193153,1.204666646,8.800869751,-0.323487628
20181203,-0.764954837,1.096000036,8.917404175,-0.018476903
20181204,-0.596133669,1.382666651,8.628459676,0.048459542
20181206,-0.691968151,1.412666702,8.615370687,0.267765519
20181207,-0.484273689,1.548666636,8.415183004,0.187552288
20181210,-0.403458073,1.509333293,8.431147257,0.1461147
20181211,-0.306743275,1.450666682,8.433062236,0.054195719
20181212,-0.398437291,1.430666606,8.47552592,-0.140086899
20181213,-0.335730908,1.376666641,8.472653198,-0.165070085
20181214,-0.295214424,1.441999944,8.316207377,-0.232113167
20181217,-0.397715433,1.634666697,8.153057353,-0.228384134
20181218,-0.276901343,1.705333328,8.144117228,-0.293831525
20181219,-0.258562258,1.705333328,8.022153219,-0.404829785
20181220,-0.225716427,1.891999944,7.89156901,-0.265840901
20181221,-0.349969328,2.007333374,7.729874166,-0.459371335
20181224,-0.508754758,2.404666646,7.525627645,-0.476764162
20181226,-0.367518545,2.027333323,7.905859884,-0.034956624
20181227,-0.466634235,1.997333272,7.966555786,-0.151235891
20181228,-0.467572207,1.889333344,7.956278992,-0.006059133
20181231,-0.454114708,1.694666672,8.025966899,0.03762379
20190102,-0.468621913,1.547999954,8.034315999,0.077652037
20190103,-0.184394479,1.696666718,7.842594401,-0.20035689
20190104,-0.271588184,1.425333277,8.105288696,-0.288566551
20190107,0.020885778,1.426666641,8.169196065,0.53206067
20190108,0.011522823,1.364666621,8.245947774,0.481613723
20190109,0.120756747,1.331999969,8.284485372,0.54605931
20190110,0.138623531,1.3,8.313709005,0.263961204
20190111,0.310794743,1.212666702,8.31692098,0.299995307
20190114,0.2658884,1.271333313,8.266180929,0.253538153
20190115,0.309591049,1.240000025,8.360917664,0.195832685
20190116,0.475666743,1.269333394,8.381148783,0.354028338
20190117,0.425949624,1.203999964,8.444735209,0.499201124
20190118,0.330604168,1.186666616,8.55713501,0.43964223
20190122,0.261077378,1.386666616,8.441523234,0.074752157
20190123,0.302474651,1.301333364,8.4591863,0.051865459
20190124,0.225833496,1.259333293,8.463681539,0.414292152
20190125,0.306928455,1.161333338,8.535297648,0.300712518
20190128,0.239366482,1.258000056,8.470426941,0.148385201
20190129,0.233185658,1.275333277,8.4591863,0.347509482
20190130,0.220322851,1.177333323,8.593103027,0.542092308
20190131,0.245651407,1.104666646,8.668570964,0.583924251
20190201,0.177580046,1.075999959,8.672745768,0.688284773
20190204,0.212039221,1.048666636,8.733761597,0.777905379
20190205,0.148832682,1.03799998,8.770373535,0.764794091
20190206,0.08700028,1.025333341,8.758811442,0.662422175
20190207,0.174497075,1.091333389,8.675316366,0.691055604
20190208,-0.020122675,1.048000018,8.685913086,0.563669103
20190211,0.135404726,1.064666684,8.690729777,0.583758448
20190212,0.262251439,1.028666687,8.802487183,0.357217499
20190213,0.394950497,1.043333308,8.831066895,0.508325737
20190214,0.44805683,1.081333288,8.811479696,0.48800555
20190215,0.408107648,0.99399999,8.907499186,0.499119174
20190219,0.451910761,0.992000008,8.922914632,0.539766415
20190220,0.331643856,0.934666697,8.940898641,0.364826298
20190221,0.457835317,0.964000003,8.909106445,0.066447938
20190222,0.471296918,0.900666682,8.964342244,-0.062370242
20190225,0.346027309,0.990000025,8.976545207,0.104828293
20190226,0.178149255,1.011333338,8.970122274,0.026273399
20190227,0.242475545,0.979999987,8.966268921,-0.012827221
20190228,0.181882629,0.985333316,8.949567668,-0.282628442
20190301,0.194011313,0.904666646,9.005448405,0.112328691
20190304,-0.113261614,0.975333341,8.972692871,-0.060977779
20190305,-0.239542339,0.982666651,8.960487874,-0.16619727
20190306,-0.357505394,1.049333318,8.906215413,-0.510475468
20190307,-0.40916173,1.10600001,8.831709798,-0.587467066
20190308,-0.265354869,1.069999949,8.814046224,-0.700975705
20190311,-0.2436415,0.955333328,8.941861979,-0.495382584
20190312,-0.339596647,0.918000031,8.975581868,-0.446009988
20190313,-0.390267921,0.89399999,9.034994507,-0.19460388
20190314,-0.469829104,0.9,9.029211426,-0.34235727
20190315,-0.47486311,0.858666674,9.073823039,-0.295985738
20190318,-0.560699678,0.873333359,9.106723022,-0.189345784
20190319,-0.368705185,0.904000028,9.108980306,-0.045381498
20190320,-0.245563217,0.927333323,9.081563314,-0.227702343
20190321,-0.493506482,0.908666674,9.184136963,-0.109711569
20190322,-0.509368206,1.098666636,9.007376099,-0.035932157
20190325,-0.14810711,1.088666662,9.000602214,-0.008830792
20190326,-0.351746451,0.978666687,9.067694092,-0.127643243
20190327,-0.428004215,1.009999975,9.020276896,-0.081971668
20190328,-0.385628892,0.96200002,9.054467773,-0.188839004
20190329,-0.432273617,0.914000003,9.111562093,-0.094446785
20190401,-0.713207547,0.893333308,9.219617716,-0.006680649
20190402,-0.53645212,0.890666644,9.224133301,0.025375468
20190403,-0.374188927,0.915999985,9.238648478,0.175141547
20190404,-0.108773093,0.905333328,9.263162231,0.157492352
20190405,0.29059141,0.854666646,9.30799764,0.343037424
20190408,0.274007146,0.878666687,9.315095011,0.207370704
20190409,0.051921388,0.951999982,9.267356364,0.099544142
20190410,0.205050228,0.886666679,9.298967489,0.24431391
20190411,0.020677246,0.868000031,9.296385701,-0.018723181
20190412,-0.092585007,0.800666682,9.359284465,0.026414978
20190415,-0.104740844,0.821333313,9.353155518,0.001101736
20190416,-0.124195591,0.81200002,9.359284465,-0.623996695
20190417,-0.313553027,0.840000025,9.336383057,-1.054791561
20190418,-0.198613273,0.80600001,9.35476888,-0.695684326
20190422,-0.202998216,0.828000005,9.362830607,-0.389794349
20190423,-0.031524088,0.818666649,9.447018433,-0.065098184
20190424,0.069609792,0.876000023,9.426053874,-0.018918453
20190425,0.106753553,0.883333333,9.420248413,-0.29856331
20190426,0.274320055,0.848666636,9.464115397,-0.384461658
20190429,0.223246265,0.873999977,9.478952026,-0.073858709
20190430,0.090210842,0.874666659,9.483791097,-0.246506606
20190501,-0.009431896,0.986666679,9.412506104,-0.098477791
20190502,0.148945877,0.961333338,9.392183431,-0.314480782
20190503,0.096708968,0.857999992,9.484113566,-0.106737016
20190506,0.028803922,1.029333305,9.445084635,-0.110693933
20190507,-0.066972926,1.28799998,9.287353516,0.052998482
20190508,-0.07877403,1.293333308,9.274451701,0.02529012
20190509,-0.074703488,1.273333359,9.246389771,-0.056664195
20190510,-0.206192861,1.069333394,9.292838542,-0.158509801
20190513,-0.27267512,1.369999949,9.059306844,-0.117060061
20190514,-0.126249371,1.203999964,9.141236369,0.022187634
20190515,-0.093617868,1.096000036,9.194780477,-0.046378172
20190516,-0.374044853,1.019333331,9.27993571,-0.116815652
20190517,-0.422783822,1.064000003,9.219939168,-0.232170521
20190520,-0.547901897,1.087333298,9.158977254,-0.679849931
20190521,-0.49110459,0.996666654,9.2415507,-0.397719276
20190522,-0.534165665,0.983333333,9.213165283,-0.709367821
20190523,-0.452194208,1.128000005,9.100594076,-0.635551561
20190524,-0.369819893,1.056666692,9.1212382,-0.402670364
20190528,-0.341790894,1.166666667,9.036405436,-0.205280921
20190529,-0.392381861,1.193333308,8.975765991,-0.297745815
20190530,-0.528772922,1.153333282,9.000279744,-0.444006166
20190531,-0.491737293,1.247333272,8.87899882,-0.549970126
20190603,-0.574674667,1.257333374,8.856419881,-0.894359053
20190604,-0.547318809,1.131333288,9.04866333,-0.666405486
20190605,-0.565146789,1.072666677,9.12704366,-0.556967191
20190606,-0.49943657,1.06200002,9.186393229,-0.291872562
20190607,-0.542021042,1.086666616,9.278322347,-0.15865757
20190610,-0.446175281,1.062666639,9.320899455,-0.003763779
20190611,-0.395735943,1.065999985,9.318642171,0.112153906
20190612,-0.253648375,1.060666656,9.302192179,-0.251429939
20190613,-0.447650905,1.054666646,9.340575155,0.012931979
20190614,-0.570256302,1.018666649,9.330255127,-0.270871186
20190617,-0.360303403,1.023333359,9.333803304,0.051776483
20190618,-0.346747845,1.009999975,9.431536865,0.477390917
20190619,-0.236909744,0.955333328,9.452825928,0.248667181
20190620,-0.259567697,0.983333333,9.543140666,0.613890957
20190621,-0.11384125,1.026666641,9.529269409,0.627922795
20190624,-0.077119752,1.017333349,9.517601522,0.278064715
20190625,-0.159155475,1.085333379,9.424251302,0.126837703
20190626,-0.073598414,1.080666606,9.414852905,0.350055942
20190627,0.091696198,1.054666646,9.448237101,0.399149011
20190628,0.164045568,1.005333328,9.496855672,0.607908856
20190701,0.252471757,0.937333361,9.583073934,0.634891662
20190702,0.384764961,0.86200002,9.608031209,0.269741082
20190703,0.246414719,0.83799998,9.684848022,0.234747616
20190705,0.559680292,0.885333316,9.673828125,0.251566066
20190708,0.711794129,0.930666669,9.620672607,0.155846971
20190709,0.689753604,0.939333344,9.632663981,0.039393548
20190710,0.811649412,0.868666649,9.678690592,0.161256378
20190711,0.75557557,0.86200002,9.701378377,0.025141289
20190712,0.89073703,0.826000023,9.744812012,0.337030384
20190715,0.616711286,0.845333354,9.748050944,0.141113963
20190716,0.580087839,0.85733331,9.71661377,0.208364074
20190717,0.632438605,0.931333351,9.650490316,-0.018444679
20190718,0.481331975,0.901999982,9.685820516,0.035056022
20190719,0.621650582,0.963333321,9.632015991,0.466241482
20190722,0.95048247,0.901999982,9.65567627,0.527745537
20190723,0.988232292,0.840666644,9.724716187,0.71331217
20190724,1.110745037,0.804666646,9.770417277,0.787651007
20190725,0.93337377,0.849333318,9.72374471,0.430163414
20190726,0.146126055,0.810666656,9.788891602,0.405333148
20190729,0.070041651,0.855333328,9.77106425,0.24052597
20190730,-0.058728009,0.929333305,9.747080485,0.383983913
20190731,-0.101662756,1.074666723,9.640442912,0.602827635
20190801,-0.098168397,1.191333389,9.556495158,0.210063054
20190802,-0.296783184,1.174000041,9.484539795,-0.083764928
20190805,-0.331643112,1.639333344,9.199309285,-0.113916407
20190806,-0.341976718,1.344666672,9.328311157,-0.407958929
20190807,-0.315089981,1.299333318,9.333821615,-0.306729073
20190808,-0.274843563,1.127333323,9.516951497,0.028582604
20190809,-0.48854797,1.197999954,9.452126058,-0.374544855
20190812,-0.377637219,1.40600001,9.337064616,-0.310903887
20190813,-0.461327093,1.168000031,9.482269287,-0.100561683
20190814,-0.406494245,1.473333359,9.201902262,-0.062562161
20190815,-0.432225973,1.41200002,9.226211548,-0.344910169
20190816,-0.459936912,1.231333288,9.362343343,-0.075170362
20190819,-0.474688854,1.125333277,9.475139364,0.272228103
20190820,-0.408783586,1.166666667,9.402534993,0.290781765
20190821,-0.358114565,1.053333346,9.479029338,0.454431913
20190822,-0.330269767,1.11200002,9.476111857,0.477506942
20190823,-0.252766153,1.324666723,9.232693481,0.242843478
20190826,-0.205862038,1.28799998,9.334794108,0.228744547
20190827,-0.208329435,1.353999964,9.298168945,-0.058543307
20190828,-0.202137212,1.290000025,9.363641357,0.234604782
20190829,-0.386847145,1.191999944,9.483241781,0.341743168
20190830,-0.297828133,1.265333303,9.479029338,0.31694883
20190903,-0.282894085,1.310666656,9.423603312,0.631094791
20190904,-0.482378533,1.155333328,9.530565389,0.724985387
20190905,-0.390529423,1.084666697,9.653083293,0.306256643
20190906,-0.417156389,1,9.660539754,0.152774837
20190909,-0.249831199,1.018000031,9.665401204,0.275648429
20190910,0.474485078,1.013333321,9.663131714,-0.05842686
20190911,0.400401147,0.973999977,9.731847127,0.056797138
20190912,0.290803521,0.948000018,9.765556844,-0.081786735
20190913,0.35301721,0.915999985,9.759073893,-0.045549465
20190916,0.434580104,0.978000005,9.728929647,0.298563675
20190917,0.352003084,0.962666639,9.753563436,-0.186135706
20190918,0.162561133,0.929999987,9.75939738,-0.27292845
20190919,0.151451994,0.936666679,9.758748372,-0.310815254
20190920,0.039708077,1.021333313,9.712640381,-0.129539956
20190923,0.149728559,0.99399999,9.710360718,-0.157579103
20190924,-0.008633874,1.136666616,9.63416748,-0.180372288
20190925,0.10379886,1.064000003,9.691149902,-0.028333655
20190926,0.111893489,1.071333313,9.670961507,-0.144707483
20190927,0.018680271,1.147999954,9.618861898,-0.509046613
20190930,-0.019538773,1.082666651,9.663471476,-0.392866661
20191001,0.059155183,1.237333298,9.548527018,-0.574680637
20191002,0.14743316,1.370666631,9.379856364,-0.272078489
20191003,0.231181537,1.274666723,9.45670166,-0.008439654
20191004,-0.008661266,1.136000061,9.584672038,-0.081490447
20191007,0.003650671,1.190666707,9.54331665,-0.095467708
20191008,-0.083048867,1.352000046,9.395159912,-0.216750094
20191009,-0.283930734,1.242666626,9.484381104,-0.092260409
20191010,-0.272641495,1.171333313,9.548527018,0.095458894
20191011,-0.187769304,1.038666662,9.647515869,0.434093232
20191014,-0.130430024,0.971333313,9.63677063,0.334197002
20191015,-0.597775574,0.902666664,9.732177734,0.469668171
20191016,-0.244406283,0.91200002,9.716548665,0.247233487
20191017,-0.076398074,0.919333331,9.745202637,0.334204279
20191018,-0.172284464,0.95,9.702546183,0.074476779
20191021,-0.08359797,0.933333333,9.768320719,0.054000369
20191022,0.080903743,0.964000003,9.736410522,-0.059686686
20191023,0.260729671,0.934000015,9.764741007,-0.053122143
20191024,0.484569083,0.914000003,9.780696615,0.455137973
20191025,0.610296201,0.843333308,9.820746867,0.466468844
20191028,0.915016144,0.873999977,9.876101685,0.158909889
20191029,0.847872849,0.879999987,9.873171997,0.396766279
20191030,0.636686122,0.821999995,9.903455607,0.083445414
20191031,0.596634623,0.881333351,9.877079264,-0.010244974
20191101,0.556444311,0.820000013,9.968580119,0.214281944
20191104,0.513536274,0.855333328,10.00863037,0.11799248
20191105,0.393199684,0.873333359,9.997559611,0.092240719
20191106,0.429698413,0.841333326,9.999838257,-0.249675312
20191107,0.326572585,0.848666636,10.0350057,0.014921872
20191108,0.372764643,0.804666646,10.05975444,0.132709941
20191111,0.366725562,0.845999972,10.0405426,0.072003197
20191112,0.285204848,0.845333354,10.06170553,0.192864367
20191113,0.225391515,0.866666667,10.06496379,-0.117860632
20191114,0.201161214,0.870000013,10.07961528,-0.014306568
20191115,0.208990365,0.803333346,10.15255636,0.204345077
20191118,0.449779153,0.830666669,10.16004435,0.037757573
20191119,0.528877839,0.85733331,10.15711365,-0.023205963
20191120,0.479897133,0.851999982,10.11934306,0.054080264
20191121,0.572896758,0.875333341,10.10306091,0.153637504
20191122,0.399551295,0.822666677,10.12552897,0.204821239
20191125,0.531359106,0.791333326,10.20400391,0.24402494
20191126,0.328833242,0.769333331,10.22712301,0.028736695
20191127,0.507585298,0.783333333,10.27271118,0.120623509
20191129,0.519094816,0.841333326,10.23461202,-0.01753423
20191202,0.508508968,0.99399999,10.14767151,-0.008771043
20191203,0.501651206,1.064000003,10.07961528,-0.013225896
20191204,0.231594541,0.986666679,10.14180908,0.071098171
20191205,0.079863774,0.968000031,10.16004435,-0.094105687
20191206,0.329667106,0.907999992,10.25284729,0.10644556
20191209,-0.11112193,1.05733331,10.22060954,-0.04506614
20191210,-0.239950233,1.045333354,10.20921224,0.017013518
20191211,-0.167983701,0.999333318,10.23819377,0.023601199
20191212,0.074983404,0.929333305,10.32643738,0.215933393
20191213,0.10322587,0.842000008,10.33262431,0.101999642
20191216,0.256788527,0.809333356,10.40360921,0.349734446
20191217,-0.010561497,0.819333331,10.40588989,0.220280841
20191218,0.353369096,0.838666662,10.40654093,0.478272533
20191219,0.64133797,0.833333333,10.44919739,0.506998924
20191220,0.575338896,0.834000015,10.49500834,0.48526906
20191223,0.733726767,0.840666644,10.51104228,0.647825573
20191224,0.871884493,0.844666672,10.51136983,0.533794492
20191226,0.738166028,0.843333308,10.56732381,0.44257806
20191227,0.868932951,0.895333354,10.5647054,0.269528206
20191230,0.727411982,0.98799998,10.50646057,0.166793256
20191231,1.002428502,0.918666649,10.53198344,0.224813966
20200102,1.081603163,0.831333351,10.63047689,-0.107637663
20200103,1.305097362,0.934666697,10.54998169,0.042661525
20200106,1.429155946,0.923333359,10.59023031,0.075502632
20200107,2.012684073,0.919333331,10.56045227,0.24041626
20200108,2.104428946,0.896666654,10.61673584,-0.013828372
20200109,1.740888995,0.835999997,10.68872274,-0.133044061
20200110,1.40461194,0.837333361,10.65796407,-0.046448729
20200113,1.820398096,0.821333313,10.73126221,-0.151108803
20200114,1.710902495,0.826000023,10.71490173,0.025297982
20200115,1.292417877,0.828000005,10.7391154,-0.221930481
20200116,0.81552637,0.821333313,10.82844747,-0.082637306
20200117,0.60004818,0.806666692,10.86215312,-0.203865401
20200121,0.59761572,0.856666692,10.84088236,-0.708946071
20200122,0.442814709,0.860666656,10.84219055,-0.709094852
20200123,0.308955117,0.865333303,10.85462545,-0.622321032
20200124,-0.150155405,0.970666695,10.75809428,-0.672419482
20200127,-0.227586705,1.215333303,10.5856486,-1.007792882
20200128,-0.202003497,1.085333379,10.69657694,-0.79500441
20200129,0.001891378,1.092666626,10.68774109,-0.930049211
20200130,0.012930566,1.032666651,10.72242737,-1.017071313
20200131,-0.006002816,1.25600001,10.52773031,-0.696134499
20200203,-0.077483738,1.197999954,10.60593669,-0.681572229
20200204,-0.115471074,1.069999949,10.76758321,-0.530495612
20200205,-0.079781228,1.009999975,10.8919281,-0.317976554
20200206,-0.142557866,0.997333336,10.92857768,-0.173066781
20200207,-0.008670364,1.031333351,10.87033183,-0.431537835
20200210,-0.148240471,1.002666664,10.95148315,-0.296655463
20200211,-0.017930569,1.01200002,10.97046204,-0.124692655
20200212,0.033353492,0.915999985,11.04114278,0.139186099
20200213,-0.131570085,0.943333308,11.02936198,-0.184698819
20200214,-0.191091193,0.91200002,11.04703267,-0.09292811
20200218,-0.018133912,0.988666662,11.01856384,0.066928477
20200219,0.1795948,0.958666674,11.07124532,0.081394461
20200220,0.332086765,1.037333361,11.02576396,0.019114137
20200221,0.235678304,1.138666662,10.9122172,-0.162435013
20200224,0.181469318,1.668666712,10.55030823,-0.453800586
20200225,0.384020424,1.856666692,10.23061117,-0.473921049
20200226,0.421980817,1.837333298,10.19298197,-0.622018483
20200227,0.377183874,2.610666656,9.735197957,-0.342393552
20200228,0.54985741,2.674000041,9.69429423,0.319079786
20200302,0.273948877,2.227999878,10.11411947,0.085422118
20200303,0.121525779,2.454666646,9.824529012,0.21433136
20200304,0.004560801,2.132666651,10.23748271,0.188128065
20200305,-0.115190917,2.641333262,9.897172038,0.242304277
20200306,-0.165466933,2.795999908,9.733561198,-0.172492751
20200309,-0.567025302,3.630666606,8.973423258,-3.019236849
20200310,-0.71967468,3.153333282,9.437752279,-2.325454847
20200311,-0.666170111,3.593333435,8.977677409,-2.470883921
20200312,-0.546462097,5.031333415,8.118717957,-2.61837684
20200313,-0.605713561,3.855333455,8.812756348,-1.695199991
20200316,-0.218531627,5.512666829,7.848432414,-1.17683055
20200317,-0.205268519,5.060666911,8.272185262,-2.020982739
20200318,-0.082586616,5.096666463,7.853340149,-3.468172589
20200319,-0.221513739,4.8,7.870028178,-0.564359663
20200320,-0.18784478,4.402666728,7.53087616,0.338288177
20200323,-0.049266723,4.10600001,7.338324992,1.369016136
20200324,-0.298637004,4.111333211,8.003201294,1.908829228
20200325,-0.578334212,4.263333384,8.123010763,3.292195578
20200326,-0.64988504,4.066666667,8.597311401,2.337849015
20200327,-0.673777813,4.369333394,8.341234843,1.409690359
20200330,-0.726642705,3.805333455,8.612122599,0.391323344
20200331,-0.620183048,3.569333394,8.483756002,1.161123961
20200401,-0.558934764,3.804000092,8.101945496,0.51317233
20200402,-0.5145604,3.39399999,8.288901265,0.06519043
20200403,-0.392039078,3.119999949,8.169091797,0.129353424
20200406,-0.591259218,3.016000112,8.717778524,0.896168717
20200407,-0.566809948,3.113333384,8.72666626,2.002069891
20200408,-0.616804503,2.889999898,9.019606527,2.332222588
20200409,-0.469915901,2.777999878,9.156860352,2.102785354
20200413,-0.188617287,2.744666545,9.073257446,2.27853615
20200414,-0.24486714,2.517333221,9.340853882,1.452924386
20200415,0.033525849,2.722666677,9.142378743,0.585471274
20200416,0.378385445,2.674000041,9.186483765,-0.472371937
20200417,1.130236652,2.543333435,9.434659831,0.698256587
20200420,0.895983837,2.922000122,9.268440755,0.454229289
20200421,0.731551067,3.027333323,8.987020874,0.447793457
20200422,0.407002032,2.798666636,9.186483765,0.540296593
20200423,0.321479097,2.758666738,9.185824585,1.001263637
20200424,-0.344979746,2.395333354,9.313864136,0.796356861
20200427,0.003561965,2.219333394,9.448155721,1.056659845
20200428,0.943530161,2.23799998,9.404707845,1.374453908
20200429,1.817755288,2.081999969,9.650909424,1.904872924
20200430,1.473862922,2.276666768,9.561053467,1.450089075
20200501,1.194070139,2.479333242,9.307938639,0.543083393
20200504,1.441577879,2.398000081,9.333613078,0.643963605
20200505,0.942388568,2.240666707,9.419848633,-0.04922175
20200506,0.967645099,2.274666595,9.35599467,-0.449256215
20200507,1.002875035,2.096000036,9.468891398,0.001542514
20200508,1.035772793,1.865333303,9.625565592,0.66631614
20200511,0.531832963,1.83799998,9.62754008,0.158284969
20200512,0.430623299,2.202666728,9.4356486,-0.131399127
20200513,0.370736474,2.351999919,9.268770345,-0.537719153
20200514,0.426842144,2.174000041,9.379693604,0.231921685
20200515,0.847667611,2.125999959,9.42281189,0.041857111
20200518,0.783083842,1.953333282,9.70982666,0.751919427
20200519,0.734165068,2.035333379,9.610095215,0.523213495
20200520,0.669358323,1.865999985,9.773352051,0.365047741
20200521,0.672325803,1.968666712,9.705877686,0.878330018
20200522,0.765605891,1.877333323,9.724310303,0.664558204
20200526,0.766142325,1.867333349,9.844118245,1.422726999
20200527,0.810223005,1.841333389,9.990589396,1.371259149
20200528,0.404902907,1.90600001,9.972156779,0.590047816
20200529,-0.119555075,1.834000015,10.01659241,0.400063513
20200601,0.289748028,1.881999969,10.05707601,0.87122769
20200602,0.565601472,1.789333344,10.14034932,1.146107292
20200603,0.584022964,1.710666656,10.27530111,1.591711698
20200604,1.197182318,1.720666631,10.24831034,2.098777116
20200605,1.337566422,1.634666697,10.51096903,2.664325548
20200608,1.756784413,1.720666631,10.63802083,3.408901077
20200609,1.645788087,1.83799998,10.55869649,2.170632712
20200610,1.281127147,1.83799998,10.49977926,0.570280963
20200611,0.925879138,2.719333394,9.894478353,-0.473366804
20200612,1.445829969,2.40600001,10.01297099,0.502156916
20200615,1.49909629,2.293333435,10.10644836,0.388446954
20200616,1.374665203,2.244666545,10.30097453,0.446692505
20200617,1.382360397,2.231333415,10.25818481,-0.409339567
20200618,1.407532812,2.195999908,10.26213481,-0.477339786
20200619,1.31933099,2.341333262,10.20348816,-0.538565162
20200622,1.249485652,2.118000031,10.26894531,-0.59054119
20200623,1.175641757,2.091333389,10.31622009,-0.398406711
20200624,0.650550491,2.25600001,10.05306702,-1.146397194
20200625,0.585927272,2.148000081,10.16084086,-0.808274792
20200626,0.856854453,2.315333303,9.919506836,-1.302892609
20200629,1.214389319,2.118666712,10.06529846,-0.543576168
20200630,0.946528224,2.028666687,10.19423014,-0.57433063
20200701,0.760836472,1.908000056,10.26563924,-0.469231902
20200702,0.704781818,1.845333354,10.32217102,-0.194545338
20200706,0.605297988,1.862666702,10.48151855,-0.094327913
20200707,0.276601515,1.96200002,10.3734141,-0.589961035
20200708,0.157632783,1.871999995,10.45275574,-0.465501746
20200709,0.156722308,1.950666682,10.39324849,-0.881581827
20200710,0.250425553,1.819333394,10.49937032,-0.315579476
20200713,0.221004501,2.145999908,10.40845642,-0.756426622
20200714,-0.173987558,1.968000031,10.54334005,-0.811739188
20200715,0.100989326,1.850666682,10.64020386,0.273534842
20200716,-0.145389628,1.866666667,10.60516154,-0.114921157
20200717,-0.021418136,1.71200002,10.63590597,-0.452611103
20200720,-0.156638769,1.630666606,10.72186076,-0.029746301
20200721,0.114690466,1.65600001,10.74467265,0.392971446
20200722,0.009485684,1.621333313,10.80583191,0.511848035
20200723,0.039836806,1.738666662,10.67689921,0.373209905
20200724,0.456754086,1.722666677,10.60813599,-0.008025626
20200727,0.429178011,1.649333318,10.685495,-0.247697761
20200728,0.763092022,1.696000036,10.61772359,0.056423475
20200729,0.775980951,1.606666692,10.74830831,0.211957603
20200730,0.62945392,1.650666682,10.7099589,0.267812418
20200731,0.483444171,1.630666606,10.79459127,-0.006002737
20200803,0.611931713,1.618666712,10.86963704,-0.01877335
20200804,0.99974305,1.584000015,10.91162211,0.137462375
20200805,1.175455465,1.532666651,10.97939351,0.487818078
20200806,1.083870317,1.509999975,11.05278625,0.256187719
20200807,0.591843739,1.480666606,11.06072184,0.283258067
20200810,0.659904527,1.475333277,11.09378052,0.665634825
20200811,0.635808041,1.602000046,11.0022054,0.506903626
20200812,0.728076787,1.485333379,11.15560201,0.111231586
20200813,0.660291374,1.475333277,11.13543396,-0.155542506
20200814,0.755543827,1.469999949,11.13576558,0.038111773
20200817,0.894050416,1.423333359,11.17113953,-0.10297732
20200818,0.655467945,1.434000015,11.19527384,-0.37292011
20200819,0.821135335,1.502666728,11.14865926,-0.551017692
20200820,0.756981988,1.514666621,11.18337199,-0.489507365
20200821,0.983172843,1.502666728,11.22304281,-0.495780407
20200824,0.960419707,1.491333389,11.3367686,0.334015441
20200825,0.856595992,1.468666712,11.37643941,0.189166481
20200826,1.136614161,1.551333364,11.49049479,-0.051755586
20200827,0.931810321,1.631333288,11.5156189,0.191743247
20200828,0.909558501,1.530666606,11.59000346,0.341419748
20200831,0.9361038,1.760666656,11.54801839,0.179590041
20200901,0.816216238,1.741333389,11.65678406,0.101927063
20200902,0.594325701,1.771333313,11.82538757,-0.025449843
20200903,0.567609673,2.239999898,11.4184255,-0.47537748
20200904,0.71774048,2.05,11.32519633,-0.363641614
20200908,0.66665655,2.097333272,11.01575928,-0.942489944
20200909,-0.062346157,1.920666631,11.23329163,-1.106629823
20200910,-0.200690619,1.980666606,11.03824056,-0.984473052
20200911,-0.230948756,1.791333389,11.04385986,-0.788235038
20200914,-0.076365772,1.723333359,11.1893219,-0.296978953
20200915,-0.213956402,1.70600001,11.2458547,-0.379049021
20200916,0.193049403,1.736000061,11.20122375,-0.045126922
20200917,0.264408508,1.763999939,11.10270691,-0.104897188
20200918,0.271137485,1.721999995,10.97488403,-0.124708306
20200921,0.370281912,1.852000046,10.85273844,-0.317919446
20200922,0.365958593,1.790666707,10.96326701,-0.555035537
20200923,-0.009203017,1.905333328,10.70901794,-0.652014048
20200924,-0.042859441,1.900666682,10.73756307,-0.662362088
20200925,-0.086310048,1.758666611,10.91115621,-0.655596554
20200928,-0.104672906,1.746000036,11.09238383,-0.47657859
20200929,-0.476316067,1.751333364,11.03197428,-0.841678791
20200930,-0.347666755,1.758000056,11.1156189,-0.895745207
20201001,-0.704323588,1.780000051,11.18698018,-0.754852036
20201002,-0.239483081,1.841999944,11.08076681,-0.713689564
20201005,-0.190697309,1.863999939,11.27726237,-0.439811473
20201006,-0.318278613,1.965333303,11.11694539,-0.436212062
20201007,0.052846779,1.870666631,11.31045431,-0.324955702
20201008,0.253014845,1.757333374,11.41069336,0.063254972
20201009,0.191490862,1.666666667,11.51259257,-0.143224184
20201012,0.096236536,1.671333313,11.69780273,-0.020641923
20201013,0.086373222,1.73799998,11.621462,-0.086977885
20201014,0.190493074,1.759999975,11.54843953,-0.087677279
20201015,0.050730322,1.797999954,11.53416748,-0.099984396
20201016,-0.14014406,1.827333323,11.52719727,-0.473982768
20201019,-0.10852051,1.945333354,11.35194397,-0.387053097
20201020,0.133158552,1.956666692,11.3974172,-0.216059058
20201021,0.072735772,1.909999975,11.37584229,-0.223800427
20201022,0.326992099,1.874000041,11.43824259,0.269627569
20201023,0.448782519,1.836666616,11.47707723,0.071571979
20201026,0.530714013,2.163999939,11.2649821,-0.014229021
20201027,0.442228833,2.223333232,11.22614644,0.017699931
20201028,0.515511543,2.685333252,10.84244893,-0.244453959
20201029,0.521612265,2.50600001,10.95264587,0.134497037
20201030,0.510830155,2.534666697,10.83846639,0.113020039
20201102,0.670957623,2.475333405,10.95994873,0.129722964
20201103,0.599034303,2.369999949,11.15345662,0.078685072
20201104,0.822421289,1.971333313,11.40272725,0.496541203
20201105,0.568688204,1.838666662,11.62511292,0.511729819
20201106,0.376022089,1.657333374,11.62245789,-0.143104883
20201109,0.295863352,1.716666667,11.76850179,3.853992839
20201110,0.198261804,1.653333282,11.75124207,2.382439345
20201111,0.258525208,1.563333384,11.83853658,1.862781555
20201112,0.278083584,1.690000025,11.72369181,1.202832292
20201113,0.363570139,1.540000025,11.88600057,1.406021103
20201116,0.479680658,1.496666718,12.0343689,1.549202533
20201117,0.581599047,1.513999939,11.96964417,1.315924371
20201118,0.416124065,1.589333344,11.82559102,0.856646724
20201119,0.53614142,1.540666707,11.87537944,0.933651415
20201120,0.51561308,1.580000051,11.79405924,0.51701612
20201123,0.918868185,1.510666656,11.86475728,1.129606619
20201124,0.912465125,1.442666626,12.05594279,1.092864142
20201125,0.87119503,1.416666667,12.03735555,0.64905993
20201127,1.060064479,1.389333344,12.07088013,0.465736166
20201130,0.791783382,1.371333313,12.0174408,-0.28528625
20201201,0.685499307,1.384666697,12.14888,-0.217090397
20201202,0.754678563,1.411333338,12.17443848,-0.185640323
20201203,1.056950079,1.418666712,12.17111918,0.27105461
20201204,1.03856434,1.386000061,12.27600505,0.542230825
20201207,1.17668169,1.419999949,12.25077922,0.264047477
20201208,1.362555691,1.378666687,12.2866272,0.194603141
20201209,1.241918563,1.484666697,12.17642924,-0.250220109
20201210,1.507964035,1.501333364,12.1724467,0.022959603
20201211,1.455535775,1.553999964,12.15817362,-0.601488587
20201214,1.377197679,1.647999954,12.10373942,-0.607627104
20201215,1.444078196,1.525999959,12.26737467,-0.574936369
20201216,1.378602316,1.5,12.2866272,-0.473597213
20201217,1.375026959,1.46200002,12.35533346,-0.376984506
20201218,1.221355837,1.43799998,12.30599976,-0.447047621
20201221,0.911103804,1.677333323,12.26199951,-0.436014331
20201222,0.781079557,1.615333303,12.24133301,-0.468380252
20201223,0.611481927,1.553999964,12.25233358,-0.031741867
20201224,0.715855061,1.435333379,12.3,-0.282916509
20201228,0.767507314,1.446666718,12.40566711,-0.28628832
20201229,0.684632542,1.538666662,12.38199972,-0.290378198
20201230,0.740908922,1.518000031,12.39966634,-0.117256029
